{
  "hash": "1b3caad7",
  "configHash": "7d9754f2",
  "lockfileHash": "5d009483",
  "browserHash": "fc924679",
  "optimized": {
    "@angular/common": {
      "src": "../../../../../node_modules/@angular/common/fesm2022/common.mjs",
      "file": "@angular_common.js",
      "fileHash": "14b6e903",
      "needsInterop": false
    },
    "@angular/common/http": {
      "src": "../../../../../node_modules/@angular/common/fesm2022/http.mjs",
      "file": "@angular_common_http.js",
      "fileHash": "6781586d",
      "needsInterop": false
    },
    "@angular/core": {
      "src": "../../../../../node_modules/@angular/core/fesm2022/core.mjs",
      "file": "@angular_core.js",
      "fileHash": "f56707fb",
      "needsInterop": false
    },
    "@angular/platform-browser": {
      "src": "../../../../../node_modules/@angular/platform-browser/fesm2022/platform-browser.mjs",
      "file": "@angular_platform-browser.js",
      "fileHash": "0f977a0e",
      "needsInterop": false
    },
    "@angular/router": {
      "src": "../../../../../node_modules/@angular/router/fesm2022/router.mjs",
      "file": "@angular_router.js",
      "fileHash": "24b0cdce",
      "needsInterop": false
    },
    "@ngrx/store": {
      "src": "../../../../../node_modules/@ngrx/store/fesm2022/ngrx-store.mjs",
      "file": "@ngrx_store.js",
      "fileHash": "e466644f",
      "needsInterop": false
    },
    "@ngrx/effects": {
      "src": "../../../../../node_modules/@ngrx/effects/fesm2022/ngrx-effects.mjs",
      "file": "@ngrx_effects.js",
      "fileHash": "e8facf3e",
      "needsInterop": false
    },
    "@ngrx/store-devtools": {
      "src": "../../../../../node_modules/@ngrx/store-devtools/fesm2022/ngrx-store-devtools.mjs",
      "file": "@ngrx_store-devtools.js",
      "fileHash": "a6123366",
      "needsInterop": false
    },
    "rxjs": {
      "src": "../../../../../node_modules/rxjs/dist/esm5/index.js",
      "file": "rxjs.js",
      "fileHash": "ac87f50d",
      "needsInterop": false
    },
    "rxjs/operators": {
      "src": "../../../../../node_modules/rxjs/dist/esm5/operators/index.js",
      "file": "rxjs_operators.js",
      "fileHash": "0335a463",
      "needsInterop": false
    }
  },
  "chunks": {
    "chunk-S67V5YG2": {
      "file": "chunk-S67V5YG2.js"
    },
    "chunk-FZO4UVPK": {
      "file": "chunk-FZO4UVPK.js"
    },
    "chunk-MB2N4JII": {
      "file": "chunk-MB2N4JII.js"
    },
    "chunk-WOBGVJJS": {
      "file": "chunk-WOBGVJJS.js"
    },
    "chunk-U7PUFINV": {
      "file": "chunk-U7PUFINV.js"
    },
    "chunk-LMFWYZLC": {
      "file": "chunk-LMFWYZLC.js"
    },
    "chunk-KT3RQDJZ": {
      "file": "chunk-KT3RQDJZ.js"
    },
    "chunk-RVQ3RH6Y": {
      "file": "chunk-RVQ3RH6Y.js"
    }
  }
}